ks,sample_size,rmse,mae
5,25108,1.2139884678273107,0.9619779615085389
15,25108,1.1980766610101858,0.9569185752753574
25,25108,1.1975911290247723,0.9566851973422511
35,25108,1.1973901861614478,0.956579765574297
45,25108,1.1973483657863795,0.9565828777789969
55,25108,1.1973604665658715,0.9565825921127035
