ks,similarity,sample_size,rmse,mae
5,cos,25108,1.2001395049353778,0.9103466358663905
15,cos,25108,1.1956513654201257,0.9128335133791562
25,cos,25108,1.1964237017128498,0.9139848175705129
35,cos,25108,1.196879086801332,0.9144394631682449
45,cos,25108,1.1970615511745244,0.9146834999163189
55,cos,25108,1.1971744865476939,0.9148185293175825
